﻿<?xml version="1.0" encoding="utf-8" standalone="no" ?>
<modDesc descVersion="9">
    <author>mor2000</author>
    <version>1.0.7</version>
    <title>
        <en>AAA UniversalProcessKit</en>
        <de>AAA UniversalProcessKit</de>
    </title>
    <description>
        <en>
<![CDATA[UniversalProcessKit]]>
		</en>
        <de>
<![CDATA[UniversalProcessKit]]>
		</de>
	</description>
	<iconFilename>UniversalProcessKit.dds</iconFilename>
    <multiplayer supported="true"/>
	<extraSourceFiles>
		<sourceFile filename="DEBUG.lua" />
		<sourceFile filename="c.lua" />
		<sourceFile filename="UniversalProcessKit.lua"/>
		<sourceFile filename="UniversalProcessKitSyncEvent.lua"/>
		<sourceFile filename="UniversalProcessKitModules.lua"/>
		<sourceFile filename="UniversalProcessKitFillTypes.lua"/>
		<sourceFile filename="UniversalProcessKitListener.lua"/>
		<sourceFile filename="UPK_Activator.lua"/>
		<sourceFile filename="UPK_Animator.lua"/>
		<sourceFile filename="UPK_Base.lua"/>
		<sourceFile filename="UPK_BuyTrigger.lua"/>
		<sourceFile filename="UPK_Conveyor.lua"/>
		<sourceFile filename="UPK_DisplayTrigger.lua"/>
		<sourceFile filename="UPK_DumpTrigger.lua"/>
		<sourceFile filename="UPK_FillTrigger.lua"/>
		<sourceFile filename="UPK_Mover.lua"/>
		<sourceFile filename="UPK_Processor.lua"/>
		<sourceFile filename="UPK_Scaler.lua"/>
		<sourceFile filename="UPK_Shower.lua"/>
		<sourceFile filename="UPK_Storage.lua"/>
		<sourceFile filename="UPK_Switcher.lua"/>
		<sourceFile filename="UPK_TipTrigger.lua"/>
		<sourceFile filename="PlaceableUPK.lua"/>
    </extraSourceFiles>
	<storeItems/>
		
    <l10n>
		<text name="buytrigger_buy_OBJECT"> <en>buy %s</en> <de>%s kaufen</de> </text>
		<text name="buytrigger_sell_OBJECT"> <en>sell %s</en> <de>%s verkaufen</de> </text>
		<text name="buytrigger_start_rent_OBJECT"> <en>rent %</en> <de>%s mieten</de> </text>
		<text name="buytrigger_stop_rent_OBJECT"> <en>stop to rent %s</en> <de>Mieten von %s stoppen</de> </text>
		<text name="buytrigger_remaining_time"> <en>%s hours of rent left</en> <de>%s Stunden Miete verbleibend</de> </text>
	</l10n>
</modDesc>