﻿<?xml version="1.0" encoding="utf-8" standalone="no" ?>
<modDesc descVersion="9">
    <author>mor2000</author>
    <version>1.2</version>
    <title>
        <en>UniversalProcessKit</en>
        <de>UniversalProcessKit</de>
    </title>
    <description>
        <en>
<![CDATA[UniversalProcessKit]]>
		</en>
        <de>
<![CDATA[UniversalProcessKit]]>
		</de>
	</description>
	<iconFilename>UniversalProcessKit.dds</iconFilename>
    <multiplayer supported="true"/>
	<extraSourceFiles>
		<sourceFile filename="register.lua" />
    </extraSourceFiles>
	<storeItems/>
		
    <l10n>
	</l10n>
</modDesc>